word_id,sentence_id,sentence,word,tags
1,0,"Matapos ang matagumpay na mga konsultasyon kasama ang pro sports stakeholders , papayagan na muli ang training activities sa mga Games and Amusement Board-regulated sports ngayong taon sa pahintulot nina GAB Chairman Abraham Kahlil Mitra , at Commissioners Ed Trinidad at Mar Masanguid .",Matapos,FIL
2,0,"Matapos ang matagumpay na mga konsultasyon kasama ang pro sports stakeholders , papayagan na muli ang training activities sa mga Games and Amusement Board-regulated sports ngayong taon sa pahintulot nina GAB Chairman Abraham Kahlil Mitra , at Commissioners Ed Trinidad at Mar Masanguid .",ang,FIL
3,0,"Matapos ang matagumpay na mga konsultasyon kasama ang pro sports stakeholders , papayagan na muli ang training activities sa mga Games and Amusement Board-regulated sports ngayong taon sa pahintulot nina GAB Chairman Abraham Kahlil Mitra , at Commissioners Ed Trinidad at Mar Masanguid .",matagumpay,FIL
4,0,"Matapos ang matagumpay na mga konsultasyon kasama ang pro sports stakeholders , papayagan na muli ang training activities sa mga Games and Amusement Board-regulated sports ngayong taon sa pahintulot nina GAB Chairman Abraham Kahlil Mitra , at Commissioners Ed Trinidad at Mar Masanguid .",na,FIL
5,0,"Matapos ang matagumpay na mga konsultasyon kasama ang pro sports stakeholders , papayagan na muli ang training activities sa mga Games and Amusement Board-regulated sports ngayong taon sa pahintulot nina GAB Chairman Abraham Kahlil Mitra , at Commissioners Ed Trinidad at Mar Masanguid .",mga,FIL
6,0,"Matapos ang matagumpay na mga konsultasyon kasama ang pro sports stakeholders , papayagan na muli ang training activities sa mga Games and Amusement Board-regulated sports ngayong taon sa pahintulot nina GAB Chairman Abraham Kahlil Mitra , at Commissioners Ed Trinidad at Mar Masanguid .",konsultasyon,FIL
7,0,"Matapos ang matagumpay na mga konsultasyon kasama ang pro sports stakeholders , papayagan na muli ang training activities sa mga Games and Amusement Board-regulated sports ngayong taon sa pahintulot nina GAB Chairman Abraham Kahlil Mitra , at Commissioners Ed Trinidad at Mar Masanguid .",kasama,FIL
8,0,"Matapos ang matagumpay na mga konsultasyon kasama ang pro sports stakeholders , papayagan na muli ang training activities sa mga Games and Amusement Board-regulated sports ngayong taon sa pahintulot nina GAB Chairman Abraham Kahlil Mitra , at Commissioners Ed Trinidad at Mar Masanguid .",ang,FIL
9,0,"Matapos ang matagumpay na mga konsultasyon kasama ang pro sports stakeholders , papayagan na muli ang training activities sa mga Games and Amusement Board-regulated sports ngayong taon sa pahintulot nina GAB Chairman Abraham Kahlil Mitra , at Commissioners Ed Trinidad at Mar Masanguid .",pro,ENG
10,0,"Matapos ang matagumpay na mga konsultasyon kasama ang pro sports stakeholders , papayagan na muli ang training activities sa mga Games and Amusement Board-regulated sports ngayong taon sa pahintulot nina GAB Chairman Abraham Kahlil Mitra , at Commissioners Ed Trinidad at Mar Masanguid .",sports,ENG
11,0,"Matapos ang matagumpay na mga konsultasyon kasama ang pro sports stakeholders , papayagan na muli ang training activities sa mga Games and Amusement Board-regulated sports ngayong taon sa pahintulot nina GAB Chairman Abraham Kahlil Mitra , at Commissioners Ed Trinidad at Mar Masanguid .",stakeholders,ENG
12,0,"Matapos ang matagumpay na mga konsultasyon kasama ang pro sports stakeholders , papayagan na muli ang training activities sa mga Games and Amusement Board-regulated sports ngayong taon sa pahintulot nina GAB Chairman Abraham Kahlil Mitra , at Commissioners Ed Trinidad at Mar Masanguid .",",",OTH
13,0,"Matapos ang matagumpay na mga konsultasyon kasama ang pro sports stakeholders , papayagan na muli ang training activities sa mga Games and Amusement Board-regulated sports ngayong taon sa pahintulot nina GAB Chairman Abraham Kahlil Mitra , at Commissioners Ed Trinidad at Mar Masanguid .",papayagan,FIL
14,0,"Matapos ang matagumpay na mga konsultasyon kasama ang pro sports stakeholders , papayagan na muli ang training activities sa mga Games and Amusement Board-regulated sports ngayong taon sa pahintulot nina GAB Chairman Abraham Kahlil Mitra , at Commissioners Ed Trinidad at Mar Masanguid .",na,FIL
15,0,"Matapos ang matagumpay na mga konsultasyon kasama ang pro sports stakeholders , papayagan na muli ang training activities sa mga Games and Amusement Board-regulated sports ngayong taon sa pahintulot nina GAB Chairman Abraham Kahlil Mitra , at Commissioners Ed Trinidad at Mar Masanguid .",muli,FIL
16,0,"Matapos ang matagumpay na mga konsultasyon kasama ang pro sports stakeholders , papayagan na muli ang training activities sa mga Games and Amusement Board-regulated sports ngayong taon sa pahintulot nina GAB Chairman Abraham Kahlil Mitra , at Commissioners Ed Trinidad at Mar Masanguid .",ang,FIL
17,0,"Matapos ang matagumpay na mga konsultasyon kasama ang pro sports stakeholders , papayagan na muli ang training activities sa mga Games and Amusement Board-regulated sports ngayong taon sa pahintulot nina GAB Chairman Abraham Kahlil Mitra , at Commissioners Ed Trinidad at Mar Masanguid .",training,ENG
18,0,"Matapos ang matagumpay na mga konsultasyon kasama ang pro sports stakeholders , papayagan na muli ang training activities sa mga Games and Amusement Board-regulated sports ngayong taon sa pahintulot nina GAB Chairman Abraham Kahlil Mitra , at Commissioners Ed Trinidad at Mar Masanguid .",activities,ENG
19,0,"Matapos ang matagumpay na mga konsultasyon kasama ang pro sports stakeholders , papayagan na muli ang training activities sa mga Games and Amusement Board-regulated sports ngayong taon sa pahintulot nina GAB Chairman Abraham Kahlil Mitra , at Commissioners Ed Trinidad at Mar Masanguid .",sa,FIL
20,0,"Matapos ang matagumpay na mga konsultasyon kasama ang pro sports stakeholders , papayagan na muli ang training activities sa mga Games and Amusement Board-regulated sports ngayong taon sa pahintulot nina GAB Chairman Abraham Kahlil Mitra , at Commissioners Ed Trinidad at Mar Masanguid .",mga,FIL
21,0,"Matapos ang matagumpay na mga konsultasyon kasama ang pro sports stakeholders , papayagan na muli ang training activities sa mga Games and Amusement Board-regulated sports ngayong taon sa pahintulot nina GAB Chairman Abraham Kahlil Mitra , at Commissioners Ed Trinidad at Mar Masanguid .",Games,ENG
22,0,"Matapos ang matagumpay na mga konsultasyon kasama ang pro sports stakeholders , papayagan na muli ang training activities sa mga Games and Amusement Board-regulated sports ngayong taon sa pahintulot nina GAB Chairman Abraham Kahlil Mitra , at Commissioners Ed Trinidad at Mar Masanguid .",and,ENG
23,0,"Matapos ang matagumpay na mga konsultasyon kasama ang pro sports stakeholders , papayagan na muli ang training activities sa mga Games and Amusement Board-regulated sports ngayong taon sa pahintulot nina GAB Chairman Abraham Kahlil Mitra , at Commissioners Ed Trinidad at Mar Masanguid .",Amusement,ENG
24,0,"Matapos ang matagumpay na mga konsultasyon kasama ang pro sports stakeholders , papayagan na muli ang training activities sa mga Games and Amusement Board-regulated sports ngayong taon sa pahintulot nina GAB Chairman Abraham Kahlil Mitra , at Commissioners Ed Trinidad at Mar Masanguid .",Board-regulated,ENG
25,0,"Matapos ang matagumpay na mga konsultasyon kasama ang pro sports stakeholders , papayagan na muli ang training activities sa mga Games and Amusement Board-regulated sports ngayong taon sa pahintulot nina GAB Chairman Abraham Kahlil Mitra , at Commissioners Ed Trinidad at Mar Masanguid .",sports,ENG
26,0,"Matapos ang matagumpay na mga konsultasyon kasama ang pro sports stakeholders , papayagan na muli ang training activities sa mga Games and Amusement Board-regulated sports ngayong taon sa pahintulot nina GAB Chairman Abraham Kahlil Mitra , at Commissioners Ed Trinidad at Mar Masanguid .",ngayong,FIL
27,0,"Matapos ang matagumpay na mga konsultasyon kasama ang pro sports stakeholders , papayagan na muli ang training activities sa mga Games and Amusement Board-regulated sports ngayong taon sa pahintulot nina GAB Chairman Abraham Kahlil Mitra , at Commissioners Ed Trinidad at Mar Masanguid .",taon,FIL
28,0,"Matapos ang matagumpay na mga konsultasyon kasama ang pro sports stakeholders , papayagan na muli ang training activities sa mga Games and Amusement Board-regulated sports ngayong taon sa pahintulot nina GAB Chairman Abraham Kahlil Mitra , at Commissioners Ed Trinidad at Mar Masanguid .",sa,FIL
29,0,"Matapos ang matagumpay na mga konsultasyon kasama ang pro sports stakeholders , papayagan na muli ang training activities sa mga Games and Amusement Board-regulated sports ngayong taon sa pahintulot nina GAB Chairman Abraham Kahlil Mitra , at Commissioners Ed Trinidad at Mar Masanguid .",pahintulot,FIL
30,0,"Matapos ang matagumpay na mga konsultasyon kasama ang pro sports stakeholders , papayagan na muli ang training activities sa mga Games and Amusement Board-regulated sports ngayong taon sa pahintulot nina GAB Chairman Abraham Kahlil Mitra , at Commissioners Ed Trinidad at Mar Masanguid .",nina,FIL
31,0,"Matapos ang matagumpay na mga konsultasyon kasama ang pro sports stakeholders , papayagan na muli ang training activities sa mga Games and Amusement Board-regulated sports ngayong taon sa pahintulot nina GAB Chairman Abraham Kahlil Mitra , at Commissioners Ed Trinidad at Mar Masanguid .",GAB,OTH
32,0,"Matapos ang matagumpay na mga konsultasyon kasama ang pro sports stakeholders , papayagan na muli ang training activities sa mga Games and Amusement Board-regulated sports ngayong taon sa pahintulot nina GAB Chairman Abraham Kahlil Mitra , at Commissioners Ed Trinidad at Mar Masanguid .",Chairman,ENG
33,0,"Matapos ang matagumpay na mga konsultasyon kasama ang pro sports stakeholders , papayagan na muli ang training activities sa mga Games and Amusement Board-regulated sports ngayong taon sa pahintulot nina GAB Chairman Abraham Kahlil Mitra , at Commissioners Ed Trinidad at Mar Masanguid .",Abraham,OTH
34,0,"Matapos ang matagumpay na mga konsultasyon kasama ang pro sports stakeholders , papayagan na muli ang training activities sa mga Games and Amusement Board-regulated sports ngayong taon sa pahintulot nina GAB Chairman Abraham Kahlil Mitra , at Commissioners Ed Trinidad at Mar Masanguid .",Kahlil,OTH
35,0,"Matapos ang matagumpay na mga konsultasyon kasama ang pro sports stakeholders , papayagan na muli ang training activities sa mga Games and Amusement Board-regulated sports ngayong taon sa pahintulot nina GAB Chairman Abraham Kahlil Mitra , at Commissioners Ed Trinidad at Mar Masanguid .",Mitra,OTH
36,0,"Matapos ang matagumpay na mga konsultasyon kasama ang pro sports stakeholders , papayagan na muli ang training activities sa mga Games and Amusement Board-regulated sports ngayong taon sa pahintulot nina GAB Chairman Abraham Kahlil Mitra , at Commissioners Ed Trinidad at Mar Masanguid .",",",OTH
37,0,"Matapos ang matagumpay na mga konsultasyon kasama ang pro sports stakeholders , papayagan na muli ang training activities sa mga Games and Amusement Board-regulated sports ngayong taon sa pahintulot nina GAB Chairman Abraham Kahlil Mitra , at Commissioners Ed Trinidad at Mar Masanguid .",at,FIL
38,0,"Matapos ang matagumpay na mga konsultasyon kasama ang pro sports stakeholders , papayagan na muli ang training activities sa mga Games and Amusement Board-regulated sports ngayong taon sa pahintulot nina GAB Chairman Abraham Kahlil Mitra , at Commissioners Ed Trinidad at Mar Masanguid .",Commissioners,OTH
39,0,"Matapos ang matagumpay na mga konsultasyon kasama ang pro sports stakeholders , papayagan na muli ang training activities sa mga Games and Amusement Board-regulated sports ngayong taon sa pahintulot nina GAB Chairman Abraham Kahlil Mitra , at Commissioners Ed Trinidad at Mar Masanguid .",Ed,OTH
40,0,"Matapos ang matagumpay na mga konsultasyon kasama ang pro sports stakeholders , papayagan na muli ang training activities sa mga Games and Amusement Board-regulated sports ngayong taon sa pahintulot nina GAB Chairman Abraham Kahlil Mitra , at Commissioners Ed Trinidad at Mar Masanguid .",Trinidad,OTH
41,0,"Matapos ang matagumpay na mga konsultasyon kasama ang pro sports stakeholders , papayagan na muli ang training activities sa mga Games and Amusement Board-regulated sports ngayong taon sa pahintulot nina GAB Chairman Abraham Kahlil Mitra , at Commissioners Ed Trinidad at Mar Masanguid .",at,FIL
42,0,"Matapos ang matagumpay na mga konsultasyon kasama ang pro sports stakeholders , papayagan na muli ang training activities sa mga Games and Amusement Board-regulated sports ngayong taon sa pahintulot nina GAB Chairman Abraham Kahlil Mitra , at Commissioners Ed Trinidad at Mar Masanguid .",Mar,OTH
43,0,"Matapos ang matagumpay na mga konsultasyon kasama ang pro sports stakeholders , papayagan na muli ang training activities sa mga Games and Amusement Board-regulated sports ngayong taon sa pahintulot nina GAB Chairman Abraham Kahlil Mitra , at Commissioners Ed Trinidad at Mar Masanguid .",Masanguid,OTH
44,0,"Matapos ang matagumpay na mga konsultasyon kasama ang pro sports stakeholders , papayagan na muli ang training activities sa mga Games and Amusement Board-regulated sports ngayong taon sa pahintulot nina GAB Chairman Abraham Kahlil Mitra , at Commissioners Ed Trinidad at Mar Masanguid .",.,OTH
45,1,Gusto kong intindihin pero hindi ko maintindihan hahaha paano ba itong mga draw na ganyan po ?,Gusto,FIL
46,1,Gusto kong intindihin pero hindi ko maintindihan hahaha paano ba itong mga draw na ganyan po ?,kong,FIL
47,1,Gusto kong intindihin pero hindi ko maintindihan hahaha paano ba itong mga draw na ganyan po ?,intindihin,FIL
48,1,Gusto kong intindihin pero hindi ko maintindihan hahaha paano ba itong mga draw na ganyan po ?,pero,FIL
49,1,Gusto kong intindihin pero hindi ko maintindihan hahaha paano ba itong mga draw na ganyan po ?,hindi,FIL
50,1,Gusto kong intindihin pero hindi ko maintindihan hahaha paano ba itong mga draw na ganyan po ?,ko,FIL
51,1,Gusto kong intindihin pero hindi ko maintindihan hahaha paano ba itong mga draw na ganyan po ?,maintindihan,FIL
52,1,Gusto kong intindihin pero hindi ko maintindihan hahaha paano ba itong mga draw na ganyan po ?,hahaha,OTH
53,1,Gusto kong intindihin pero hindi ko maintindihan hahaha paano ba itong mga draw na ganyan po ?,paano,FIL
54,1,Gusto kong intindihin pero hindi ko maintindihan hahaha paano ba itong mga draw na ganyan po ?,ba,FIL
55,1,Gusto kong intindihin pero hindi ko maintindihan hahaha paano ba itong mga draw na ganyan po ?,itong,FIL
56,1,Gusto kong intindihin pero hindi ko maintindihan hahaha paano ba itong mga draw na ganyan po ?,mga,FIL
57,1,Gusto kong intindihin pero hindi ko maintindihan hahaha paano ba itong mga draw na ganyan po ?,draw,ENG
58,1,Gusto kong intindihin pero hindi ko maintindihan hahaha paano ba itong mga draw na ganyan po ?,na,FIL
59,1,Gusto kong intindihin pero hindi ko maintindihan hahaha paano ba itong mga draw na ganyan po ?,ganyan,FIL
60,1,Gusto kong intindihin pero hindi ko maintindihan hahaha paano ba itong mga draw na ganyan po ?,po,FIL
61,1,Gusto kong intindihin pero hindi ko maintindihan hahaha paano ba itong mga draw na ganyan po ?,?,OTH
62,2,Kaya kayong mga babae wag kayong basta basta magtiwala na kahit kanino kasi .,Kaya,FIL
63,2,Kaya kayong mga babae wag kayong basta basta magtiwala na kahit kanino kasi .,kayong,FIL
64,2,Kaya kayong mga babae wag kayong basta basta magtiwala na kahit kanino kasi .,mga,FIL
65,2,Kaya kayong mga babae wag kayong basta basta magtiwala na kahit kanino kasi .,babae,FIL
66,2,Kaya kayong mga babae wag kayong basta basta magtiwala na kahit kanino kasi .,wag,FIL
67,2,Kaya kayong mga babae wag kayong basta basta magtiwala na kahit kanino kasi .,kayong,FIL
68,2,Kaya kayong mga babae wag kayong basta basta magtiwala na kahit kanino kasi .,basta,FIL
69,2,Kaya kayong mga babae wag kayong basta basta magtiwala na kahit kanino kasi .,basta,FIL
70,2,Kaya kayong mga babae wag kayong basta basta magtiwala na kahit kanino kasi .,magtiwala,FIL
71,2,Kaya kayong mga babae wag kayong basta basta magtiwala na kahit kanino kasi .,na,FIL
72,2,Kaya kayong mga babae wag kayong basta basta magtiwala na kahit kanino kasi .,kahit,FIL
73,2,Kaya kayong mga babae wag kayong basta basta magtiwala na kahit kanino kasi .,kanino,FIL
74,2,Kaya kayong mga babae wag kayong basta basta magtiwala na kahit kanino kasi .,kasi,FIL
75,2,Kaya kayong mga babae wag kayong basta basta magtiwala na kahit kanino kasi .,.,OTH
76,3,"Kasalan naman nila bakit hindi nila sinabi agad ang totuo ,",Kasalan,FIL
77,3,"Kasalan naman nila bakit hindi nila sinabi agad ang totuo ,",naman,FIL
78,3,"Kasalan naman nila bakit hindi nila sinabi agad ang totuo ,",nila,FIL
79,3,"Kasalan naman nila bakit hindi nila sinabi agad ang totuo ,",bakit,FIL
80,3,"Kasalan naman nila bakit hindi nila sinabi agad ang totuo ,",hindi,FIL
81,3,"Kasalan naman nila bakit hindi nila sinabi agad ang totuo ,",nila,FIL
82,3,"Kasalan naman nila bakit hindi nila sinabi agad ang totuo ,",sinabi,FIL
83,3,"Kasalan naman nila bakit hindi nila sinabi agad ang totuo ,",agad,FIL
84,3,"Kasalan naman nila bakit hindi nila sinabi agad ang totuo ,",ang,FIL
85,3,"Kasalan naman nila bakit hindi nila sinabi agad ang totuo ,",totuo,FIL
86,3,"Kasalan naman nila bakit hindi nila sinabi agad ang totuo ,",",",OTH
87,4,At sila-sila rin ang umuunlad ?,At,FIL
88,4,At sila-sila rin ang umuunlad ?,sila-sila,FIL
89,4,At sila-sila rin ang umuunlad ?,rin,FIL
90,4,At sila-sila rin ang umuunlad ?,ang,FIL
91,4,At sila-sila rin ang umuunlad ?,umuunlad,FIL
92,4,At sila-sila rin ang umuunlad ?,?,OTH
93,5,Nakakamiss ung mga gantong content ni kuya lloyd .,Nakakamiss,CS
94,5,Nakakamiss ung mga gantong content ni kuya lloyd .,ung,FIL
95,5,Nakakamiss ung mga gantong content ni kuya lloyd .,mga,FIL
96,5,Nakakamiss ung mga gantong content ni kuya lloyd .,gantong,FIL
97,5,Nakakamiss ung mga gantong content ni kuya lloyd .,content,ENG
98,5,Nakakamiss ung mga gantong content ni kuya lloyd .,ni,FIL
99,5,Nakakamiss ung mga gantong content ni kuya lloyd .,kuya,FIL
100,5,Nakakamiss ung mga gantong content ni kuya lloyd .,lloyd,OTH
101,5,Nakakamiss ung mga gantong content ni kuya lloyd .,.,OTH
102,6,pero pag nag bibigay ako sa thai artist hindi naman ?,pero,FIL
103,6,pero pag nag bibigay ako sa thai artist hindi naman ?,pag,FIL
104,6,pero pag nag bibigay ako sa thai artist hindi naman ?,nag,FIL
105,6,pero pag nag bibigay ako sa thai artist hindi naman ?,bibigay,FIL
106,6,pero pag nag bibigay ako sa thai artist hindi naman ?,ako,FIL
107,6,pero pag nag bibigay ako sa thai artist hindi naman ?,sa,FIL
108,6,pero pag nag bibigay ako sa thai artist hindi naman ?,thai,ENG
109,6,pero pag nag bibigay ako sa thai artist hindi naman ?,artist,ENG
110,6,pero pag nag bibigay ako sa thai artist hindi naman ?,hindi,FIL
111,6,pero pag nag bibigay ako sa thai artist hindi naman ?,naman,FIL
112,6,pero pag nag bibigay ako sa thai artist hindi naman ?,?,OTH
113,7,"Sa pamamagitan ng pagsunod sa daan na ginawa ng bundok , nagawa ng maliit na sapa na makabalik sa tahanan nito ; sumama ito sa ilog , at dumaloy sa dagat .",Sa,FIL
114,7,"Sa pamamagitan ng pagsunod sa daan na ginawa ng bundok , nagawa ng maliit na sapa na makabalik sa tahanan nito ; sumama ito sa ilog , at dumaloy sa dagat .",pamamagitan,FIL
115,7,"Sa pamamagitan ng pagsunod sa daan na ginawa ng bundok , nagawa ng maliit na sapa na makabalik sa tahanan nito ; sumama ito sa ilog , at dumaloy sa dagat .",ng,FIL
116,7,"Sa pamamagitan ng pagsunod sa daan na ginawa ng bundok , nagawa ng maliit na sapa na makabalik sa tahanan nito ; sumama ito sa ilog , at dumaloy sa dagat .",pagsunod,FIL
117,7,"Sa pamamagitan ng pagsunod sa daan na ginawa ng bundok , nagawa ng maliit na sapa na makabalik sa tahanan nito ; sumama ito sa ilog , at dumaloy sa dagat .",sa,FIL
118,7,"Sa pamamagitan ng pagsunod sa daan na ginawa ng bundok , nagawa ng maliit na sapa na makabalik sa tahanan nito ; sumama ito sa ilog , at dumaloy sa dagat .",daan,FIL
119,7,"Sa pamamagitan ng pagsunod sa daan na ginawa ng bundok , nagawa ng maliit na sapa na makabalik sa tahanan nito ; sumama ito sa ilog , at dumaloy sa dagat .",na,FIL
120,7,"Sa pamamagitan ng pagsunod sa daan na ginawa ng bundok , nagawa ng maliit na sapa na makabalik sa tahanan nito ; sumama ito sa ilog , at dumaloy sa dagat .",ginawa,FIL
121,7,"Sa pamamagitan ng pagsunod sa daan na ginawa ng bundok , nagawa ng maliit na sapa na makabalik sa tahanan nito ; sumama ito sa ilog , at dumaloy sa dagat .",ng,FIL
122,7,"Sa pamamagitan ng pagsunod sa daan na ginawa ng bundok , nagawa ng maliit na sapa na makabalik sa tahanan nito ; sumama ito sa ilog , at dumaloy sa dagat .",bundok,FIL
123,7,"Sa pamamagitan ng pagsunod sa daan na ginawa ng bundok , nagawa ng maliit na sapa na makabalik sa tahanan nito ; sumama ito sa ilog , at dumaloy sa dagat .",",",OTH
124,7,"Sa pamamagitan ng pagsunod sa daan na ginawa ng bundok , nagawa ng maliit na sapa na makabalik sa tahanan nito ; sumama ito sa ilog , at dumaloy sa dagat .",nagawa,FIL
125,7,"Sa pamamagitan ng pagsunod sa daan na ginawa ng bundok , nagawa ng maliit na sapa na makabalik sa tahanan nito ; sumama ito sa ilog , at dumaloy sa dagat .",ng,FIL
126,7,"Sa pamamagitan ng pagsunod sa daan na ginawa ng bundok , nagawa ng maliit na sapa na makabalik sa tahanan nito ; sumama ito sa ilog , at dumaloy sa dagat .",maliit,FIL
127,7,"Sa pamamagitan ng pagsunod sa daan na ginawa ng bundok , nagawa ng maliit na sapa na makabalik sa tahanan nito ; sumama ito sa ilog , at dumaloy sa dagat .",na,FIL
128,7,"Sa pamamagitan ng pagsunod sa daan na ginawa ng bundok , nagawa ng maliit na sapa na makabalik sa tahanan nito ; sumama ito sa ilog , at dumaloy sa dagat .",sapa,FIL
129,7,"Sa pamamagitan ng pagsunod sa daan na ginawa ng bundok , nagawa ng maliit na sapa na makabalik sa tahanan nito ; sumama ito sa ilog , at dumaloy sa dagat .",na,FIL
130,7,"Sa pamamagitan ng pagsunod sa daan na ginawa ng bundok , nagawa ng maliit na sapa na makabalik sa tahanan nito ; sumama ito sa ilog , at dumaloy sa dagat .",makabalik,FIL
131,7,"Sa pamamagitan ng pagsunod sa daan na ginawa ng bundok , nagawa ng maliit na sapa na makabalik sa tahanan nito ; sumama ito sa ilog , at dumaloy sa dagat .",sa,FIL
132,7,"Sa pamamagitan ng pagsunod sa daan na ginawa ng bundok , nagawa ng maliit na sapa na makabalik sa tahanan nito ; sumama ito sa ilog , at dumaloy sa dagat .",tahanan,FIL
133,7,"Sa pamamagitan ng pagsunod sa daan na ginawa ng bundok , nagawa ng maliit na sapa na makabalik sa tahanan nito ; sumama ito sa ilog , at dumaloy sa dagat .",nito,FIL
134,7,"Sa pamamagitan ng pagsunod sa daan na ginawa ng bundok , nagawa ng maliit na sapa na makabalik sa tahanan nito ; sumama ito sa ilog , at dumaloy sa dagat .",;,OTH
135,7,"Sa pamamagitan ng pagsunod sa daan na ginawa ng bundok , nagawa ng maliit na sapa na makabalik sa tahanan nito ; sumama ito sa ilog , at dumaloy sa dagat .",sumama,FIL
136,7,"Sa pamamagitan ng pagsunod sa daan na ginawa ng bundok , nagawa ng maliit na sapa na makabalik sa tahanan nito ; sumama ito sa ilog , at dumaloy sa dagat .",ito,FIL
137,7,"Sa pamamagitan ng pagsunod sa daan na ginawa ng bundok , nagawa ng maliit na sapa na makabalik sa tahanan nito ; sumama ito sa ilog , at dumaloy sa dagat .",sa,FIL
138,7,"Sa pamamagitan ng pagsunod sa daan na ginawa ng bundok , nagawa ng maliit na sapa na makabalik sa tahanan nito ; sumama ito sa ilog , at dumaloy sa dagat .",ilog,FIL
139,7,"Sa pamamagitan ng pagsunod sa daan na ginawa ng bundok , nagawa ng maliit na sapa na makabalik sa tahanan nito ; sumama ito sa ilog , at dumaloy sa dagat .",",",OTH
140,7,"Sa pamamagitan ng pagsunod sa daan na ginawa ng bundok , nagawa ng maliit na sapa na makabalik sa tahanan nito ; sumama ito sa ilog , at dumaloy sa dagat .",at,FIL
141,7,"Sa pamamagitan ng pagsunod sa daan na ginawa ng bundok , nagawa ng maliit na sapa na makabalik sa tahanan nito ; sumama ito sa ilog , at dumaloy sa dagat .",dumaloy,FIL
142,7,"Sa pamamagitan ng pagsunod sa daan na ginawa ng bundok , nagawa ng maliit na sapa na makabalik sa tahanan nito ; sumama ito sa ilog , at dumaloy sa dagat .",sa,FIL
143,7,"Sa pamamagitan ng pagsunod sa daan na ginawa ng bundok , nagawa ng maliit na sapa na makabalik sa tahanan nito ; sumama ito sa ilog , at dumaloy sa dagat .",dagat,FIL
144,7,"Sa pamamagitan ng pagsunod sa daan na ginawa ng bundok , nagawa ng maliit na sapa na makabalik sa tahanan nito ; sumama ito sa ilog , at dumaloy sa dagat .",.,OTH
145,8,Sana maging ihimplo ka nang mga Youtuber .,Sana,FIL
146,8,Sana maging ihimplo ka nang mga Youtuber .,maging,FIL
147,8,Sana maging ihimplo ka nang mga Youtuber .,ihimplo,FIL
148,8,Sana maging ihimplo ka nang mga Youtuber .,ka,FIL
149,8,Sana maging ihimplo ka nang mga Youtuber .,nang,FIL
150,8,Sana maging ihimplo ka nang mga Youtuber .,mga,FIL
151,8,Sana maging ihimplo ka nang mga Youtuber .,Youtuber,ENG
152,8,Sana maging ihimplo ka nang mga Youtuber .,.,OTH
153,9,Ako na lng epadala sa akin welleng ako mag alaga ka mga anak mo maarod kaw cge Basta padal an mo at may kasuduan Tayo para sa mga anak mo,Ako,FIL
154,9,Ako na lng epadala sa akin welleng ako mag alaga ka mga anak mo maarod kaw cge Basta padal an mo at may kasuduan Tayo para sa mga anak mo,na,FIL
155,9,Ako na lng epadala sa akin welleng ako mag alaga ka mga anak mo maarod kaw cge Basta padal an mo at may kasuduan Tayo para sa mga anak mo,lng,FIL
156,9,Ako na lng epadala sa akin welleng ako mag alaga ka mga anak mo maarod kaw cge Basta padal an mo at may kasuduan Tayo para sa mga anak mo,epadala,FIL
157,9,Ako na lng epadala sa akin welleng ako mag alaga ka mga anak mo maarod kaw cge Basta padal an mo at may kasuduan Tayo para sa mga anak mo,sa,FIL
158,9,Ako na lng epadala sa akin welleng ako mag alaga ka mga anak mo maarod kaw cge Basta padal an mo at may kasuduan Tayo para sa mga anak mo,akin,FIL
159,9,Ako na lng epadala sa akin welleng ako mag alaga ka mga anak mo maarod kaw cge Basta padal an mo at may kasuduan Tayo para sa mga anak mo,welleng,ENG
160,9,Ako na lng epadala sa akin welleng ako mag alaga ka mga anak mo maarod kaw cge Basta padal an mo at may kasuduan Tayo para sa mga anak mo,ako,FIL
161,9,Ako na lng epadala sa akin welleng ako mag alaga ka mga anak mo maarod kaw cge Basta padal an mo at may kasuduan Tayo para sa mga anak mo,mag,FIL
162,9,Ako na lng epadala sa akin welleng ako mag alaga ka mga anak mo maarod kaw cge Basta padal an mo at may kasuduan Tayo para sa mga anak mo,alaga,FIL
163,9,Ako na lng epadala sa akin welleng ako mag alaga ka mga anak mo maarod kaw cge Basta padal an mo at may kasuduan Tayo para sa mga anak mo,ka,FIL
164,9,Ako na lng epadala sa akin welleng ako mag alaga ka mga anak mo maarod kaw cge Basta padal an mo at may kasuduan Tayo para sa mga anak mo,mga,FIL
165,9,Ako na lng epadala sa akin welleng ako mag alaga ka mga anak mo maarod kaw cge Basta padal an mo at may kasuduan Tayo para sa mga anak mo,anak,FIL
166,9,Ako na lng epadala sa akin welleng ako mag alaga ka mga anak mo maarod kaw cge Basta padal an mo at may kasuduan Tayo para sa mga anak mo,mo,FIL
167,9,Ako na lng epadala sa akin welleng ako mag alaga ka mga anak mo maarod kaw cge Basta padal an mo at may kasuduan Tayo para sa mga anak mo,maarod,FIL
168,9,Ako na lng epadala sa akin welleng ako mag alaga ka mga anak mo maarod kaw cge Basta padal an mo at may kasuduan Tayo para sa mga anak mo,kaw,FIL
169,9,Ako na lng epadala sa akin welleng ako mag alaga ka mga anak mo maarod kaw cge Basta padal an mo at may kasuduan Tayo para sa mga anak mo,cge,FIL
170,9,Ako na lng epadala sa akin welleng ako mag alaga ka mga anak mo maarod kaw cge Basta padal an mo at may kasuduan Tayo para sa mga anak mo,Basta,FIL
171,9,Ako na lng epadala sa akin welleng ako mag alaga ka mga anak mo maarod kaw cge Basta padal an mo at may kasuduan Tayo para sa mga anak mo,padal,FIL
172,9,Ako na lng epadala sa akin welleng ako mag alaga ka mga anak mo maarod kaw cge Basta padal an mo at may kasuduan Tayo para sa mga anak mo,an,FIL
173,9,Ako na lng epadala sa akin welleng ako mag alaga ka mga anak mo maarod kaw cge Basta padal an mo at may kasuduan Tayo para sa mga anak mo,mo,FIL
174,9,Ako na lng epadala sa akin welleng ako mag alaga ka mga anak mo maarod kaw cge Basta padal an mo at may kasuduan Tayo para sa mga anak mo,at,FIL
175,9,Ako na lng epadala sa akin welleng ako mag alaga ka mga anak mo maarod kaw cge Basta padal an mo at may kasuduan Tayo para sa mga anak mo,may,FIL
176,9,Ako na lng epadala sa akin welleng ako mag alaga ka mga anak mo maarod kaw cge Basta padal an mo at may kasuduan Tayo para sa mga anak mo,kasuduan,FIL
177,9,Ako na lng epadala sa akin welleng ako mag alaga ka mga anak mo maarod kaw cge Basta padal an mo at may kasuduan Tayo para sa mga anak mo,Tayo,FIL
178,9,Ako na lng epadala sa akin welleng ako mag alaga ka mga anak mo maarod kaw cge Basta padal an mo at may kasuduan Tayo para sa mga anak mo,para,FIL
179,9,Ako na lng epadala sa akin welleng ako mag alaga ka mga anak mo maarod kaw cge Basta padal an mo at may kasuduan Tayo para sa mga anak mo,sa,FIL
180,9,Ako na lng epadala sa akin welleng ako mag alaga ka mga anak mo maarod kaw cge Basta padal an mo at may kasuduan Tayo para sa mga anak mo,mga,FIL
181,9,Ako na lng epadala sa akin welleng ako mag alaga ka mga anak mo maarod kaw cge Basta padal an mo at may kasuduan Tayo para sa mga anak mo,anak,FIL
182,9,Ako na lng epadala sa akin welleng ako mag alaga ka mga anak mo maarod kaw cge Basta padal an mo at may kasuduan Tayo para sa mga anak mo,mo,FIL
183,10,tayaas ng pride ng mga viewers sa video ko HAHAHAHA kung nagreact kayo don HAHAHAHA,tayaas,FIL
184,10,tayaas ng pride ng mga viewers sa video ko HAHAHAHA kung nagreact kayo don HAHAHAHA,ng,FIL
185,10,tayaas ng pride ng mga viewers sa video ko HAHAHAHA kung nagreact kayo don HAHAHAHA,pride,ENG
186,10,tayaas ng pride ng mga viewers sa video ko HAHAHAHA kung nagreact kayo don HAHAHAHA,ng,FIL
187,10,tayaas ng pride ng mga viewers sa video ko HAHAHAHA kung nagreact kayo don HAHAHAHA,mga,FIL
188,10,tayaas ng pride ng mga viewers sa video ko HAHAHAHA kung nagreact kayo don HAHAHAHA,viewers,ENG
189,10,tayaas ng pride ng mga viewers sa video ko HAHAHAHA kung nagreact kayo don HAHAHAHA,sa,FIL
190,10,tayaas ng pride ng mga viewers sa video ko HAHAHAHA kung nagreact kayo don HAHAHAHA,video,ENG
191,10,tayaas ng pride ng mga viewers sa video ko HAHAHAHA kung nagreact kayo don HAHAHAHA,ko,FIL
192,10,tayaas ng pride ng mga viewers sa video ko HAHAHAHA kung nagreact kayo don HAHAHAHA,HAHAHAHA,OTH
193,10,tayaas ng pride ng mga viewers sa video ko HAHAHAHA kung nagreact kayo don HAHAHAHA,kung,FIL
194,10,tayaas ng pride ng mga viewers sa video ko HAHAHAHA kung nagreact kayo don HAHAHAHA,nagreact,CS
195,10,tayaas ng pride ng mga viewers sa video ko HAHAHAHA kung nagreact kayo don HAHAHAHA,kayo,FIL
196,10,tayaas ng pride ng mga viewers sa video ko HAHAHAHA kung nagreact kayo don HAHAHAHA,don,FIL
197,10,tayaas ng pride ng mga viewers sa video ko HAHAHAHA kung nagreact kayo don HAHAHAHA,HAHAHAHA,OTH
198,11,"Dahil dito , 48 , 530 na ang total recoveries sa hanay ng PNP sa naturang sakit .",Dahil,FIL
199,11,"Dahil dito , 48 , 530 na ang total recoveries sa hanay ng PNP sa naturang sakit .",dito,FIL
200,11,"Dahil dito , 48 , 530 na ang total recoveries sa hanay ng PNP sa naturang sakit .",",",OTH
201,11,"Dahil dito , 48 , 530 na ang total recoveries sa hanay ng PNP sa naturang sakit .",48,OTH
202,11,"Dahil dito , 48 , 530 na ang total recoveries sa hanay ng PNP sa naturang sakit .",",",OTH
203,11,"Dahil dito , 48 , 530 na ang total recoveries sa hanay ng PNP sa naturang sakit .",530,OTH
204,11,"Dahil dito , 48 , 530 na ang total recoveries sa hanay ng PNP sa naturang sakit .",na,FIL
205,11,"Dahil dito , 48 , 530 na ang total recoveries sa hanay ng PNP sa naturang sakit .",ang,FIL
206,11,"Dahil dito , 48 , 530 na ang total recoveries sa hanay ng PNP sa naturang sakit .",total,ENG
207,11,"Dahil dito , 48 , 530 na ang total recoveries sa hanay ng PNP sa naturang sakit .",recoveries,ENG
208,11,"Dahil dito , 48 , 530 na ang total recoveries sa hanay ng PNP sa naturang sakit .",sa,FIL
209,11,"Dahil dito , 48 , 530 na ang total recoveries sa hanay ng PNP sa naturang sakit .",hanay,FIL
210,11,"Dahil dito , 48 , 530 na ang total recoveries sa hanay ng PNP sa naturang sakit .",ng,FIL
211,11,"Dahil dito , 48 , 530 na ang total recoveries sa hanay ng PNP sa naturang sakit .",PNP,OTH
212,11,"Dahil dito , 48 , 530 na ang total recoveries sa hanay ng PNP sa naturang sakit .",sa,FIL
213,11,"Dahil dito , 48 , 530 na ang total recoveries sa hanay ng PNP sa naturang sakit .",naturang,FIL
214,11,"Dahil dito , 48 , 530 na ang total recoveries sa hanay ng PNP sa naturang sakit .",sakit,FIL
215,11,"Dahil dito , 48 , 530 na ang total recoveries sa hanay ng PNP sa naturang sakit .",.,OTH
216,12,Mejo bumabalik na ulit ang kamandag sa dots hahahaah,Mejo,FIL
217,12,Mejo bumabalik na ulit ang kamandag sa dots hahahaah,bumabalik,FIL
218,12,Mejo bumabalik na ulit ang kamandag sa dots hahahaah,na,FIL
219,12,Mejo bumabalik na ulit ang kamandag sa dots hahahaah,ulit,FIL
220,12,Mejo bumabalik na ulit ang kamandag sa dots hahahaah,ang,FIL
221,12,Mejo bumabalik na ulit ang kamandag sa dots hahahaah,kamandag,FIL
222,12,Mejo bumabalik na ulit ang kamandag sa dots hahahaah,sa,FIL
223,12,Mejo bumabalik na ulit ang kamandag sa dots hahahaah,dots,ENG
224,12,Mejo bumabalik na ulit ang kamandag sa dots hahahaah,hahahaah,OTH
225,13,Busy sa pagpapadami ng votes dun sa picture ni Belinda whahaaahah,Busy,ENG
226,13,Busy sa pagpapadami ng votes dun sa picture ni Belinda whahaaahah,sa,FIL
227,13,Busy sa pagpapadami ng votes dun sa picture ni Belinda whahaaahah,pagpapadami,FIL
228,13,Busy sa pagpapadami ng votes dun sa picture ni Belinda whahaaahah,ng,FIL
229,13,Busy sa pagpapadami ng votes dun sa picture ni Belinda whahaaahah,votes,ENG
230,13,Busy sa pagpapadami ng votes dun sa picture ni Belinda whahaaahah,dun,FIL
231,13,Busy sa pagpapadami ng votes dun sa picture ni Belinda whahaaahah,sa,FIL
232,13,Busy sa pagpapadami ng votes dun sa picture ni Belinda whahaaahah,picture,ENG
233,13,Busy sa pagpapadami ng votes dun sa picture ni Belinda whahaaahah,ni,FIL
234,13,Busy sa pagpapadami ng votes dun sa picture ni Belinda whahaaahah,Belinda,OTH
235,13,Busy sa pagpapadami ng votes dun sa picture ni Belinda whahaaahah,whahaaahah,OTH
236,14,Kaya ito ngayon ang kinakatakutan ng mga tao sa amin .,Kaya,FIL
237,14,Kaya ito ngayon ang kinakatakutan ng mga tao sa amin .,ito,FIL
238,14,Kaya ito ngayon ang kinakatakutan ng mga tao sa amin .,ngayon,FIL
239,14,Kaya ito ngayon ang kinakatakutan ng mga tao sa amin .,ang,FIL
240,14,Kaya ito ngayon ang kinakatakutan ng mga tao sa amin .,kinakatakutan,FIL
241,14,Kaya ito ngayon ang kinakatakutan ng mga tao sa amin .,ng,FIL
242,14,Kaya ito ngayon ang kinakatakutan ng mga tao sa amin .,mga,FIL
243,14,Kaya ito ngayon ang kinakatakutan ng mga tao sa amin .,tao,FIL
244,14,Kaya ito ngayon ang kinakatakutan ng mga tao sa amin .,sa,FIL
245,14,Kaya ito ngayon ang kinakatakutan ng mga tao sa amin .,amin,FIL
246,14,Kaya ito ngayon ang kinakatakutan ng mga tao sa amin .,.,OTH
247,15,Ikaw pa rin ang pipiliin ko,Ikaw,FIL
248,15,Ikaw pa rin ang pipiliin ko,pa,FIL
249,15,Ikaw pa rin ang pipiliin ko,rin,FIL
250,15,Ikaw pa rin ang pipiliin ko,ang,FIL
251,15,Ikaw pa rin ang pipiliin ko,pipiliin,FIL
252,15,Ikaw pa rin ang pipiliin ko,ko,FIL
253,16,"Sa isang paabiso , sinabi ng DepEd na ang mga EOSY Rites para sa Kindergarten , Grades 6 , 10 , at 12 learners ay maaaring idaos sa anumang petsa mula Hunyo 27 hanggang Hulyo 2 , 2022 .",Sa,FIL
254,16,"Sa isang paabiso , sinabi ng DepEd na ang mga EOSY Rites para sa Kindergarten , Grades 6 , 10 , at 12 learners ay maaaring idaos sa anumang petsa mula Hunyo 27 hanggang Hulyo 2 , 2022 .",isang,FIL
255,16,"Sa isang paabiso , sinabi ng DepEd na ang mga EOSY Rites para sa Kindergarten , Grades 6 , 10 , at 12 learners ay maaaring idaos sa anumang petsa mula Hunyo 27 hanggang Hulyo 2 , 2022 .",paabiso,FIL
256,16,"Sa isang paabiso , sinabi ng DepEd na ang mga EOSY Rites para sa Kindergarten , Grades 6 , 10 , at 12 learners ay maaaring idaos sa anumang petsa mula Hunyo 27 hanggang Hulyo 2 , 2022 .",",",OTH
257,16,"Sa isang paabiso , sinabi ng DepEd na ang mga EOSY Rites para sa Kindergarten , Grades 6 , 10 , at 12 learners ay maaaring idaos sa anumang petsa mula Hunyo 27 hanggang Hulyo 2 , 2022 .",sinabi,FIL
258,16,"Sa isang paabiso , sinabi ng DepEd na ang mga EOSY Rites para sa Kindergarten , Grades 6 , 10 , at 12 learners ay maaaring idaos sa anumang petsa mula Hunyo 27 hanggang Hulyo 2 , 2022 .",ng,FIL
259,16,"Sa isang paabiso , sinabi ng DepEd na ang mga EOSY Rites para sa Kindergarten , Grades 6 , 10 , at 12 learners ay maaaring idaos sa anumang petsa mula Hunyo 27 hanggang Hulyo 2 , 2022 .",DepEd,OTH
260,16,"Sa isang paabiso , sinabi ng DepEd na ang mga EOSY Rites para sa Kindergarten , Grades 6 , 10 , at 12 learners ay maaaring idaos sa anumang petsa mula Hunyo 27 hanggang Hulyo 2 , 2022 .",na,FIL
261,16,"Sa isang paabiso , sinabi ng DepEd na ang mga EOSY Rites para sa Kindergarten , Grades 6 , 10 , at 12 learners ay maaaring idaos sa anumang petsa mula Hunyo 27 hanggang Hulyo 2 , 2022 .",ang,FIL
262,16,"Sa isang paabiso , sinabi ng DepEd na ang mga EOSY Rites para sa Kindergarten , Grades 6 , 10 , at 12 learners ay maaaring idaos sa anumang petsa mula Hunyo 27 hanggang Hulyo 2 , 2022 .",mga,FIL
263,16,"Sa isang paabiso , sinabi ng DepEd na ang mga EOSY Rites para sa Kindergarten , Grades 6 , 10 , at 12 learners ay maaaring idaos sa anumang petsa mula Hunyo 27 hanggang Hulyo 2 , 2022 .",EOSY,OTH
264,16,"Sa isang paabiso , sinabi ng DepEd na ang mga EOSY Rites para sa Kindergarten , Grades 6 , 10 , at 12 learners ay maaaring idaos sa anumang petsa mula Hunyo 27 hanggang Hulyo 2 , 2022 .",Rites,ENG
265,16,"Sa isang paabiso , sinabi ng DepEd na ang mga EOSY Rites para sa Kindergarten , Grades 6 , 10 , at 12 learners ay maaaring idaos sa anumang petsa mula Hunyo 27 hanggang Hulyo 2 , 2022 .",para,FIL
266,16,"Sa isang paabiso , sinabi ng DepEd na ang mga EOSY Rites para sa Kindergarten , Grades 6 , 10 , at 12 learners ay maaaring idaos sa anumang petsa mula Hunyo 27 hanggang Hulyo 2 , 2022 .",sa,FIL
267,16,"Sa isang paabiso , sinabi ng DepEd na ang mga EOSY Rites para sa Kindergarten , Grades 6 , 10 , at 12 learners ay maaaring idaos sa anumang petsa mula Hunyo 27 hanggang Hulyo 2 , 2022 .",Kindergarten,ENG
268,16,"Sa isang paabiso , sinabi ng DepEd na ang mga EOSY Rites para sa Kindergarten , Grades 6 , 10 , at 12 learners ay maaaring idaos sa anumang petsa mula Hunyo 27 hanggang Hulyo 2 , 2022 .",",",OTH
269,16,"Sa isang paabiso , sinabi ng DepEd na ang mga EOSY Rites para sa Kindergarten , Grades 6 , 10 , at 12 learners ay maaaring idaos sa anumang petsa mula Hunyo 27 hanggang Hulyo 2 , 2022 .",Grades,ENG
270,16,"Sa isang paabiso , sinabi ng DepEd na ang mga EOSY Rites para sa Kindergarten , Grades 6 , 10 , at 12 learners ay maaaring idaos sa anumang petsa mula Hunyo 27 hanggang Hulyo 2 , 2022 .",6,OTH
271,16,"Sa isang paabiso , sinabi ng DepEd na ang mga EOSY Rites para sa Kindergarten , Grades 6 , 10 , at 12 learners ay maaaring idaos sa anumang petsa mula Hunyo 27 hanggang Hulyo 2 , 2022 .",",",OTH
272,16,"Sa isang paabiso , sinabi ng DepEd na ang mga EOSY Rites para sa Kindergarten , Grades 6 , 10 , at 12 learners ay maaaring idaos sa anumang petsa mula Hunyo 27 hanggang Hulyo 2 , 2022 .",10,OTH
273,16,"Sa isang paabiso , sinabi ng DepEd na ang mga EOSY Rites para sa Kindergarten , Grades 6 , 10 , at 12 learners ay maaaring idaos sa anumang petsa mula Hunyo 27 hanggang Hulyo 2 , 2022 .",",",OTH
274,16,"Sa isang paabiso , sinabi ng DepEd na ang mga EOSY Rites para sa Kindergarten , Grades 6 , 10 , at 12 learners ay maaaring idaos sa anumang petsa mula Hunyo 27 hanggang Hulyo 2 , 2022 .",at,FIL
275,16,"Sa isang paabiso , sinabi ng DepEd na ang mga EOSY Rites para sa Kindergarten , Grades 6 , 10 , at 12 learners ay maaaring idaos sa anumang petsa mula Hunyo 27 hanggang Hulyo 2 , 2022 .",12,OTH
276,16,"Sa isang paabiso , sinabi ng DepEd na ang mga EOSY Rites para sa Kindergarten , Grades 6 , 10 , at 12 learners ay maaaring idaos sa anumang petsa mula Hunyo 27 hanggang Hulyo 2 , 2022 .",learners,ENG
277,16,"Sa isang paabiso , sinabi ng DepEd na ang mga EOSY Rites para sa Kindergarten , Grades 6 , 10 , at 12 learners ay maaaring idaos sa anumang petsa mula Hunyo 27 hanggang Hulyo 2 , 2022 .",ay,FIL
278,16,"Sa isang paabiso , sinabi ng DepEd na ang mga EOSY Rites para sa Kindergarten , Grades 6 , 10 , at 12 learners ay maaaring idaos sa anumang petsa mula Hunyo 27 hanggang Hulyo 2 , 2022 .",maaaring,FIL
279,16,"Sa isang paabiso , sinabi ng DepEd na ang mga EOSY Rites para sa Kindergarten , Grades 6 , 10 , at 12 learners ay maaaring idaos sa anumang petsa mula Hunyo 27 hanggang Hulyo 2 , 2022 .",idaos,FIL
280,16,"Sa isang paabiso , sinabi ng DepEd na ang mga EOSY Rites para sa Kindergarten , Grades 6 , 10 , at 12 learners ay maaaring idaos sa anumang petsa mula Hunyo 27 hanggang Hulyo 2 , 2022 .",sa,FIL
281,16,"Sa isang paabiso , sinabi ng DepEd na ang mga EOSY Rites para sa Kindergarten , Grades 6 , 10 , at 12 learners ay maaaring idaos sa anumang petsa mula Hunyo 27 hanggang Hulyo 2 , 2022 .",anumang,FIL
282,16,"Sa isang paabiso , sinabi ng DepEd na ang mga EOSY Rites para sa Kindergarten , Grades 6 , 10 , at 12 learners ay maaaring idaos sa anumang petsa mula Hunyo 27 hanggang Hulyo 2 , 2022 .",petsa,FIL
283,16,"Sa isang paabiso , sinabi ng DepEd na ang mga EOSY Rites para sa Kindergarten , Grades 6 , 10 , at 12 learners ay maaaring idaos sa anumang petsa mula Hunyo 27 hanggang Hulyo 2 , 2022 .",mula,FIL
284,16,"Sa isang paabiso , sinabi ng DepEd na ang mga EOSY Rites para sa Kindergarten , Grades 6 , 10 , at 12 learners ay maaaring idaos sa anumang petsa mula Hunyo 27 hanggang Hulyo 2 , 2022 .",Hunyo,OTH
285,16,"Sa isang paabiso , sinabi ng DepEd na ang mga EOSY Rites para sa Kindergarten , Grades 6 , 10 , at 12 learners ay maaaring idaos sa anumang petsa mula Hunyo 27 hanggang Hulyo 2 , 2022 .",27,OTH
286,16,"Sa isang paabiso , sinabi ng DepEd na ang mga EOSY Rites para sa Kindergarten , Grades 6 , 10 , at 12 learners ay maaaring idaos sa anumang petsa mula Hunyo 27 hanggang Hulyo 2 , 2022 .",hanggang,FIL
287,16,"Sa isang paabiso , sinabi ng DepEd na ang mga EOSY Rites para sa Kindergarten , Grades 6 , 10 , at 12 learners ay maaaring idaos sa anumang petsa mula Hunyo 27 hanggang Hulyo 2 , 2022 .",Hulyo,OTH
288,16,"Sa isang paabiso , sinabi ng DepEd na ang mga EOSY Rites para sa Kindergarten , Grades 6 , 10 , at 12 learners ay maaaring idaos sa anumang petsa mula Hunyo 27 hanggang Hulyo 2 , 2022 .",2,OTH
289,16,"Sa isang paabiso , sinabi ng DepEd na ang mga EOSY Rites para sa Kindergarten , Grades 6 , 10 , at 12 learners ay maaaring idaos sa anumang petsa mula Hunyo 27 hanggang Hulyo 2 , 2022 .",",",OTH
290,16,"Sa isang paabiso , sinabi ng DepEd na ang mga EOSY Rites para sa Kindergarten , Grades 6 , 10 , at 12 learners ay maaaring idaos sa anumang petsa mula Hunyo 27 hanggang Hulyo 2 , 2022 .",2022,OTH
291,16,"Sa isang paabiso , sinabi ng DepEd na ang mga EOSY Rites para sa Kindergarten , Grades 6 , 10 , at 12 learners ay maaaring idaos sa anumang petsa mula Hunyo 27 hanggang Hulyo 2 , 2022 .",.,OTH
292,17,Alamin ang 4S LABAN SA DENGUE upang maiwasan ang sakit na ito sa ating komunidad .,Alamin,FIL
293,17,Alamin ang 4S LABAN SA DENGUE upang maiwasan ang sakit na ito sa ating komunidad .,ang,FIL
294,17,Alamin ang 4S LABAN SA DENGUE upang maiwasan ang sakit na ito sa ating komunidad .,4S,OTH
295,17,Alamin ang 4S LABAN SA DENGUE upang maiwasan ang sakit na ito sa ating komunidad .,LABAN,OTH
296,17,Alamin ang 4S LABAN SA DENGUE upang maiwasan ang sakit na ito sa ating komunidad .,SA,OTH
297,17,Alamin ang 4S LABAN SA DENGUE upang maiwasan ang sakit na ito sa ating komunidad .,DENGUE,OTH
298,17,Alamin ang 4S LABAN SA DENGUE upang maiwasan ang sakit na ito sa ating komunidad .,upang,FIL
299,17,Alamin ang 4S LABAN SA DENGUE upang maiwasan ang sakit na ito sa ating komunidad .,maiwasan,FIL
300,17,Alamin ang 4S LABAN SA DENGUE upang maiwasan ang sakit na ito sa ating komunidad .,ang, FIL
301,17,Alamin ang 4S LABAN SA DENGUE upang maiwasan ang sakit na ito sa ating komunidad .,sakit,FIL
302,17,Alamin ang 4S LABAN SA DENGUE upang maiwasan ang sakit na ito sa ating komunidad .,na,FIL
303,17,Alamin ang 4S LABAN SA DENGUE upang maiwasan ang sakit na ito sa ating komunidad .,ito,FIL
304,17,Alamin ang 4S LABAN SA DENGUE upang maiwasan ang sakit na ito sa ating komunidad .,sa,FIL
305,17,Alamin ang 4S LABAN SA DENGUE upang maiwasan ang sakit na ito sa ating komunidad .,ating,FIL
306,17,Alamin ang 4S LABAN SA DENGUE upang maiwasan ang sakit na ito sa ating komunidad .,komunidad,FIL
307,17,Alamin ang 4S LABAN SA DENGUE upang maiwasan ang sakit na ito sa ating komunidad .,.,OTH
308,18,yung may natutunan ka ng recipe tapos ang gwapo pa ng chef !,yung,FIL
309,18,yung may natutunan ka ng recipe tapos ang gwapo pa ng chef !,may,FIL
310,18,yung may natutunan ka ng recipe tapos ang gwapo pa ng chef !,natutunan,FIL
311,18,yung may natutunan ka ng recipe tapos ang gwapo pa ng chef !,ka,FIL
312,18,yung may natutunan ka ng recipe tapos ang gwapo pa ng chef !,ng,FIL
313,18,yung may natutunan ka ng recipe tapos ang gwapo pa ng chef !,recipe,ENG
314,18,yung may natutunan ka ng recipe tapos ang gwapo pa ng chef !,tapos,FIL
315,18,yung may natutunan ka ng recipe tapos ang gwapo pa ng chef !,ang,FIL
316,18,yung may natutunan ka ng recipe tapos ang gwapo pa ng chef !,gwapo,FIL
317,18,yung may natutunan ka ng recipe tapos ang gwapo pa ng chef !,pa,FIL
318,18,yung may natutunan ka ng recipe tapos ang gwapo pa ng chef !,ng,FIL
319,18,yung may natutunan ka ng recipe tapos ang gwapo pa ng chef !,chef,ENG
320,18,yung may natutunan ka ng recipe tapos ang gwapo pa ng chef !,!,OTH
321,19,Ito ang kantang isinulat ng TV host-comedian para sa kanya sa tulong na rin ng mag-asawang Moira dela Torre at Jason Marvin .,Ito,FIL
322,19,Ito ang kantang isinulat ng TV host-comedian para sa kanya sa tulong na rin ng mag-asawang Moira dela Torre at Jason Marvin .,ang,FIL
323,19,Ito ang kantang isinulat ng TV host-comedian para sa kanya sa tulong na rin ng mag-asawang Moira dela Torre at Jason Marvin .,kantang,FIL
324,19,Ito ang kantang isinulat ng TV host-comedian para sa kanya sa tulong na rin ng mag-asawang Moira dela Torre at Jason Marvin .,isinulat,FIL
325,19,Ito ang kantang isinulat ng TV host-comedian para sa kanya sa tulong na rin ng mag-asawang Moira dela Torre at Jason Marvin .,ng,FIL
326,19,Ito ang kantang isinulat ng TV host-comedian para sa kanya sa tulong na rin ng mag-asawang Moira dela Torre at Jason Marvin .,TV,ENG
327,19,Ito ang kantang isinulat ng TV host-comedian para sa kanya sa tulong na rin ng mag-asawang Moira dela Torre at Jason Marvin .,host-comedian,ENG
328,19,Ito ang kantang isinulat ng TV host-comedian para sa kanya sa tulong na rin ng mag-asawang Moira dela Torre at Jason Marvin .,para,FIL
329,19,Ito ang kantang isinulat ng TV host-comedian para sa kanya sa tulong na rin ng mag-asawang Moira dela Torre at Jason Marvin .,sa,FIL
330,19,Ito ang kantang isinulat ng TV host-comedian para sa kanya sa tulong na rin ng mag-asawang Moira dela Torre at Jason Marvin .,kanya,FIL
331,19,Ito ang kantang isinulat ng TV host-comedian para sa kanya sa tulong na rin ng mag-asawang Moira dela Torre at Jason Marvin .,sa,FIL
332,19,Ito ang kantang isinulat ng TV host-comedian para sa kanya sa tulong na rin ng mag-asawang Moira dela Torre at Jason Marvin .,tulong,FIL
333,19,Ito ang kantang isinulat ng TV host-comedian para sa kanya sa tulong na rin ng mag-asawang Moira dela Torre at Jason Marvin .,na,FIL
334,19,Ito ang kantang isinulat ng TV host-comedian para sa kanya sa tulong na rin ng mag-asawang Moira dela Torre at Jason Marvin .,rin,FIL
335,19,Ito ang kantang isinulat ng TV host-comedian para sa kanya sa tulong na rin ng mag-asawang Moira dela Torre at Jason Marvin .,ng,FIL
336,19,Ito ang kantang isinulat ng TV host-comedian para sa kanya sa tulong na rin ng mag-asawang Moira dela Torre at Jason Marvin .,mag-asawang,FIL
337,19,Ito ang kantang isinulat ng TV host-comedian para sa kanya sa tulong na rin ng mag-asawang Moira dela Torre at Jason Marvin .,Moira,OTH
338,19,Ito ang kantang isinulat ng TV host-comedian para sa kanya sa tulong na rin ng mag-asawang Moira dela Torre at Jason Marvin .,dela,OTH
339,19,Ito ang kantang isinulat ng TV host-comedian para sa kanya sa tulong na rin ng mag-asawang Moira dela Torre at Jason Marvin .,Torre,OTH
340,19,Ito ang kantang isinulat ng TV host-comedian para sa kanya sa tulong na rin ng mag-asawang Moira dela Torre at Jason Marvin .,at,FIL
341,19,Ito ang kantang isinulat ng TV host-comedian para sa kanya sa tulong na rin ng mag-asawang Moira dela Torre at Jason Marvin .,Jason,OTH
342,19,Ito ang kantang isinulat ng TV host-comedian para sa kanya sa tulong na rin ng mag-asawang Moira dela Torre at Jason Marvin .,Marvin,OTH
343,19,Ito ang kantang isinulat ng TV host-comedian para sa kanya sa tulong na rin ng mag-asawang Moira dela Torre at Jason Marvin .,.,OTH
344,20,May mga bahagi din ito katulad ng mga talulot na napagkukunan ng .,May,FIL
345,20,May mga bahagi din ito katulad ng mga talulot na napagkukunan ng .,mga,FIL
346,20,May mga bahagi din ito katulad ng mga talulot na napagkukunan ng .,bahagi,FIL
347,20,May mga bahagi din ito katulad ng mga talulot na napagkukunan ng .,din,FIL
348,20,May mga bahagi din ito katulad ng mga talulot na napagkukunan ng .,ito,FIL
349,20,May mga bahagi din ito katulad ng mga talulot na napagkukunan ng .,katulad,FIL
350,20,May mga bahagi din ito katulad ng mga talulot na napagkukunan ng .,ng,FIL
351,20,May mga bahagi din ito katulad ng mga talulot na napagkukunan ng .,mga,FIL
352,20,May mga bahagi din ito katulad ng mga talulot na napagkukunan ng .,talulot,FIL
353,20,May mga bahagi din ito katulad ng mga talulot na napagkukunan ng .,na,FIL
354,20,May mga bahagi din ito katulad ng mga talulot na napagkukunan ng .,napagkukunan,FIL
355,20,May mga bahagi din ito katulad ng mga talulot na napagkukunan ng .,ng,FIL
356,20,May mga bahagi din ito katulad ng mga talulot na napagkukunan ng .,.,OTH
357,21,Huwag mong hamakin palagi ang iyong sarili .,Huwag,FIL
358,21,Huwag mong hamakin palagi ang iyong sarili .,mong,FIL
359,21,Huwag mong hamakin palagi ang iyong sarili .,hamakin,FIL
360,21,Huwag mong hamakin palagi ang iyong sarili .,palagi,FIL
361,21,Huwag mong hamakin palagi ang iyong sarili .,ang,FIL
362,21,Huwag mong hamakin palagi ang iyong sarili .,iyong,FIL
363,21,Huwag mong hamakin palagi ang iyong sarili .,sarili,FIL
364,21,Huwag mong hamakin palagi ang iyong sarili .,.,OTH
365,22,Wala nang ibang kayang gawin ?,Wala,FIL
366,22,Wala nang ibang kayang gawin ?,nang,FIL
367,22,Wala nang ibang kayang gawin ?,ibang,FIL
368,22,Wala nang ibang kayang gawin ?,kayang,FIL
369,22,Wala nang ibang kayang gawin ?,gawin,FIL
370,22,Wala nang ibang kayang gawin ?,?,OTH
371,23,Kulang pa yan kuya gawin mo anim ang puge mo naman,Kulang,FIL
372,23,Kulang pa yan kuya gawin mo anim ang puge mo naman,pa,FIL
373,23,Kulang pa yan kuya gawin mo anim ang puge mo naman,yan,FIL
374,23,Kulang pa yan kuya gawin mo anim ang puge mo naman,kuya,FIL
375,23,Kulang pa yan kuya gawin mo anim ang puge mo naman,gawin,FIL
376,23,Kulang pa yan kuya gawin mo anim ang puge mo naman,mo,FIL
377,23,Kulang pa yan kuya gawin mo anim ang puge mo naman,anim,FIL
378,23,Kulang pa yan kuya gawin mo anim ang puge mo naman,ang,FIL
379,23,Kulang pa yan kuya gawin mo anim ang puge mo naman,puge,FIL
380,23,Kulang pa yan kuya gawin mo anim ang puge mo naman,mo,FIL
381,23,Kulang pa yan kuya gawin mo anim ang puge mo naman,naman,FIL
382,24,"Ayon sa 2018 Programme for International Student Assessment ( PISA ) , 94 % ng mga estudyanteng nakilahok dito na nasa edad na 15 ay gumagamit sa bahay ng lengguwaheng iba sa ginamit na medium of instruction sa mismong assessment .",Ayon,FIL
383,24,"Ayon sa 2018 Programme for International Student Assessment ( PISA ) , 94 % ng mga estudyanteng nakilahok dito na nasa edad na 15 ay gumagamit sa bahay ng lengguwaheng iba sa ginamit na medium of instruction sa mismong assessment .",sa,FIL
384,24,"Ayon sa 2018 Programme for International Student Assessment ( PISA ) , 94 % ng mga estudyanteng nakilahok dito na nasa edad na 15 ay gumagamit sa bahay ng lengguwaheng iba sa ginamit na medium of instruction sa mismong assessment .",2018,OTH
385,24,"Ayon sa 2018 Programme for International Student Assessment ( PISA ) , 94 % ng mga estudyanteng nakilahok dito na nasa edad na 15 ay gumagamit sa bahay ng lengguwaheng iba sa ginamit na medium of instruction sa mismong assessment .",Programme,ENG
386,24,"Ayon sa 2018 Programme for International Student Assessment ( PISA ) , 94 % ng mga estudyanteng nakilahok dito na nasa edad na 15 ay gumagamit sa bahay ng lengguwaheng iba sa ginamit na medium of instruction sa mismong assessment .",for,ENG
387,24,"Ayon sa 2018 Programme for International Student Assessment ( PISA ) , 94 % ng mga estudyanteng nakilahok dito na nasa edad na 15 ay gumagamit sa bahay ng lengguwaheng iba sa ginamit na medium of instruction sa mismong assessment .",International,ENG
388,24,"Ayon sa 2018 Programme for International Student Assessment ( PISA ) , 94 % ng mga estudyanteng nakilahok dito na nasa edad na 15 ay gumagamit sa bahay ng lengguwaheng iba sa ginamit na medium of instruction sa mismong assessment .",Student,ENG
389,24,"Ayon sa 2018 Programme for International Student Assessment ( PISA ) , 94 % ng mga estudyanteng nakilahok dito na nasa edad na 15 ay gumagamit sa bahay ng lengguwaheng iba sa ginamit na medium of instruction sa mismong assessment .",Assessment,ENG
390,24,"Ayon sa 2018 Programme for International Student Assessment ( PISA ) , 94 % ng mga estudyanteng nakilahok dito na nasa edad na 15 ay gumagamit sa bahay ng lengguwaheng iba sa ginamit na medium of instruction sa mismong assessment .",(,OTH
391,24,"Ayon sa 2018 Programme for International Student Assessment ( PISA ) , 94 % ng mga estudyanteng nakilahok dito na nasa edad na 15 ay gumagamit sa bahay ng lengguwaheng iba sa ginamit na medium of instruction sa mismong assessment .",PISA,OTH
392,24,"Ayon sa 2018 Programme for International Student Assessment ( PISA ) , 94 % ng mga estudyanteng nakilahok dito na nasa edad na 15 ay gumagamit sa bahay ng lengguwaheng iba sa ginamit na medium of instruction sa mismong assessment .",),OTH
393,24,"Ayon sa 2018 Programme for International Student Assessment ( PISA ) , 94 % ng mga estudyanteng nakilahok dito na nasa edad na 15 ay gumagamit sa bahay ng lengguwaheng iba sa ginamit na medium of instruction sa mismong assessment .",",",OTH
394,24,"Ayon sa 2018 Programme for International Student Assessment ( PISA ) , 94 % ng mga estudyanteng nakilahok dito na nasa edad na 15 ay gumagamit sa bahay ng lengguwaheng iba sa ginamit na medium of instruction sa mismong assessment .",94,OTH
395,24,"Ayon sa 2018 Programme for International Student Assessment ( PISA ) , 94 % ng mga estudyanteng nakilahok dito na nasa edad na 15 ay gumagamit sa bahay ng lengguwaheng iba sa ginamit na medium of instruction sa mismong assessment .",%,OTH
396,24,"Ayon sa 2018 Programme for International Student Assessment ( PISA ) , 94 % ng mga estudyanteng nakilahok dito na nasa edad na 15 ay gumagamit sa bahay ng lengguwaheng iba sa ginamit na medium of instruction sa mismong assessment .",ng,FIL
397,24,"Ayon sa 2018 Programme for International Student Assessment ( PISA ) , 94 % ng mga estudyanteng nakilahok dito na nasa edad na 15 ay gumagamit sa bahay ng lengguwaheng iba sa ginamit na medium of instruction sa mismong assessment .",mga,FIL
398,24,"Ayon sa 2018 Programme for International Student Assessment ( PISA ) , 94 % ng mga estudyanteng nakilahok dito na nasa edad na 15 ay gumagamit sa bahay ng lengguwaheng iba sa ginamit na medium of instruction sa mismong assessment .",estudyanteng,FIL
399,24,"Ayon sa 2018 Programme for International Student Assessment ( PISA ) , 94 % ng mga estudyanteng nakilahok dito na nasa edad na 15 ay gumagamit sa bahay ng lengguwaheng iba sa ginamit na medium of instruction sa mismong assessment .",nakilahok,FIL
400,24,"Ayon sa 2018 Programme for International Student Assessment ( PISA ) , 94 % ng mga estudyanteng nakilahok dito na nasa edad na 15 ay gumagamit sa bahay ng lengguwaheng iba sa ginamit na medium of instruction sa mismong assessment .",dito,FIL
401,24,"Ayon sa 2018 Programme for International Student Assessment ( PISA ) , 94 % ng mga estudyanteng nakilahok dito na nasa edad na 15 ay gumagamit sa bahay ng lengguwaheng iba sa ginamit na medium of instruction sa mismong assessment .",na,FIL
402,24,"Ayon sa 2018 Programme for International Student Assessment ( PISA ) , 94 % ng mga estudyanteng nakilahok dito na nasa edad na 15 ay gumagamit sa bahay ng lengguwaheng iba sa ginamit na medium of instruction sa mismong assessment .",nasa,FIL
403,24,"Ayon sa 2018 Programme for International Student Assessment ( PISA ) , 94 % ng mga estudyanteng nakilahok dito na nasa edad na 15 ay gumagamit sa bahay ng lengguwaheng iba sa ginamit na medium of instruction sa mismong assessment .",edad,FIL
404,24,"Ayon sa 2018 Programme for International Student Assessment ( PISA ) , 94 % ng mga estudyanteng nakilahok dito na nasa edad na 15 ay gumagamit sa bahay ng lengguwaheng iba sa ginamit na medium of instruction sa mismong assessment .",na,FIL
405,24,"Ayon sa 2018 Programme for International Student Assessment ( PISA ) , 94 % ng mga estudyanteng nakilahok dito na nasa edad na 15 ay gumagamit sa bahay ng lengguwaheng iba sa ginamit na medium of instruction sa mismong assessment .",15,OTH
406,24,"Ayon sa 2018 Programme for International Student Assessment ( PISA ) , 94 % ng mga estudyanteng nakilahok dito na nasa edad na 15 ay gumagamit sa bahay ng lengguwaheng iba sa ginamit na medium of instruction sa mismong assessment .",ay,FIL
407,24,"Ayon sa 2018 Programme for International Student Assessment ( PISA ) , 94 % ng mga estudyanteng nakilahok dito na nasa edad na 15 ay gumagamit sa bahay ng lengguwaheng iba sa ginamit na medium of instruction sa mismong assessment .",gumagamit,FIL
408,24,"Ayon sa 2018 Programme for International Student Assessment ( PISA ) , 94 % ng mga estudyanteng nakilahok dito na nasa edad na 15 ay gumagamit sa bahay ng lengguwaheng iba sa ginamit na medium of instruction sa mismong assessment .",sa,FIL
409,24,"Ayon sa 2018 Programme for International Student Assessment ( PISA ) , 94 % ng mga estudyanteng nakilahok dito na nasa edad na 15 ay gumagamit sa bahay ng lengguwaheng iba sa ginamit na medium of instruction sa mismong assessment .",bahay,FIL
410,24,"Ayon sa 2018 Programme for International Student Assessment ( PISA ) , 94 % ng mga estudyanteng nakilahok dito na nasa edad na 15 ay gumagamit sa bahay ng lengguwaheng iba sa ginamit na medium of instruction sa mismong assessment .",ng,FIL
411,24,"Ayon sa 2018 Programme for International Student Assessment ( PISA ) , 94 % ng mga estudyanteng nakilahok dito na nasa edad na 15 ay gumagamit sa bahay ng lengguwaheng iba sa ginamit na medium of instruction sa mismong assessment .",lengguwaheng,FIL
412,24,"Ayon sa 2018 Programme for International Student Assessment ( PISA ) , 94 % ng mga estudyanteng nakilahok dito na nasa edad na 15 ay gumagamit sa bahay ng lengguwaheng iba sa ginamit na medium of instruction sa mismong assessment .",iba,FIL
413,24,"Ayon sa 2018 Programme for International Student Assessment ( PISA ) , 94 % ng mga estudyanteng nakilahok dito na nasa edad na 15 ay gumagamit sa bahay ng lengguwaheng iba sa ginamit na medium of instruction sa mismong assessment .",sa,FIL
414,24,"Ayon sa 2018 Programme for International Student Assessment ( PISA ) , 94 % ng mga estudyanteng nakilahok dito na nasa edad na 15 ay gumagamit sa bahay ng lengguwaheng iba sa ginamit na medium of instruction sa mismong assessment .",ginamit,FIL
415,24,"Ayon sa 2018 Programme for International Student Assessment ( PISA ) , 94 % ng mga estudyanteng nakilahok dito na nasa edad na 15 ay gumagamit sa bahay ng lengguwaheng iba sa ginamit na medium of instruction sa mismong assessment .",na,FIL
416,24,"Ayon sa 2018 Programme for International Student Assessment ( PISA ) , 94 % ng mga estudyanteng nakilahok dito na nasa edad na 15 ay gumagamit sa bahay ng lengguwaheng iba sa ginamit na medium of instruction sa mismong assessment .",medium,ENG
417,24,"Ayon sa 2018 Programme for International Student Assessment ( PISA ) , 94 % ng mga estudyanteng nakilahok dito na nasa edad na 15 ay gumagamit sa bahay ng lengguwaheng iba sa ginamit na medium of instruction sa mismong assessment .",of,ENG
418,24,"Ayon sa 2018 Programme for International Student Assessment ( PISA ) , 94 % ng mga estudyanteng nakilahok dito na nasa edad na 15 ay gumagamit sa bahay ng lengguwaheng iba sa ginamit na medium of instruction sa mismong assessment .",instruction,ENG
419,24,"Ayon sa 2018 Programme for International Student Assessment ( PISA ) , 94 % ng mga estudyanteng nakilahok dito na nasa edad na 15 ay gumagamit sa bahay ng lengguwaheng iba sa ginamit na medium of instruction sa mismong assessment .",sa,FIL
420,24,"Ayon sa 2018 Programme for International Student Assessment ( PISA ) , 94 % ng mga estudyanteng nakilahok dito na nasa edad na 15 ay gumagamit sa bahay ng lengguwaheng iba sa ginamit na medium of instruction sa mismong assessment .",mismong,FIL
421,24,"Ayon sa 2018 Programme for International Student Assessment ( PISA ) , 94 % ng mga estudyanteng nakilahok dito na nasa edad na 15 ay gumagamit sa bahay ng lengguwaheng iba sa ginamit na medium of instruction sa mismong assessment .",assessment,ENG
422,24,"Ayon sa 2018 Programme for International Student Assessment ( PISA ) , 94 % ng mga estudyanteng nakilahok dito na nasa edad na 15 ay gumagamit sa bahay ng lengguwaheng iba sa ginamit na medium of instruction sa mismong assessment .",.,OTH
423,25,Natanggal na sama ng loob ko ng dahil sa basketball,Natanggal,FIL
424,25,Natanggal na sama ng loob ko ng dahil sa basketball,na,FIL
425,25,Natanggal na sama ng loob ko ng dahil sa basketball,sama,FIL
426,25,Natanggal na sama ng loob ko ng dahil sa basketball,ng,FIL
427,25,Natanggal na sama ng loob ko ng dahil sa basketball,loob,FIL
428,25,Natanggal na sama ng loob ko ng dahil sa basketball,ko,FIL
429,25,Natanggal na sama ng loob ko ng dahil sa basketball,ng,FIL
430,25,Natanggal na sama ng loob ko ng dahil sa basketball,dahil,FIL
431,25,Natanggal na sama ng loob ko ng dahil sa basketball,sa,FIL
432,25,Natanggal na sama ng loob ko ng dahil sa basketball,basketball,ENG
433,26,mukhang sa literature pa ako babagsak ah,mukhang,FIL
434,26,mukhang sa literature pa ako babagsak ah,sa,FIL
435,26,mukhang sa literature pa ako babagsak ah,literature,ENG
436,26,mukhang sa literature pa ako babagsak ah,pa,FIL
437,26,mukhang sa literature pa ako babagsak ah,ako,FIL
438,26,mukhang sa literature pa ako babagsak ah,babagsak,FIL
439,26,mukhang sa literature pa ako babagsak ah,ah,FIL
440,27,Malakas ang kanyang ugnay sa mga sambayanang Pilipino at mga kababayang naninirahan sa ibang bansa .,Malakas,FIL
441,27,Malakas ang kanyang ugnay sa mga sambayanang Pilipino at mga kababayang naninirahan sa ibang bansa .,ang,FIL
442,27,Malakas ang kanyang ugnay sa mga sambayanang Pilipino at mga kababayang naninirahan sa ibang bansa .,kanyang,FIL
443,27,Malakas ang kanyang ugnay sa mga sambayanang Pilipino at mga kababayang naninirahan sa ibang bansa .,ugnay,FIL
444,27,Malakas ang kanyang ugnay sa mga sambayanang Pilipino at mga kababayang naninirahan sa ibang bansa .,sa,FIL
445,27,Malakas ang kanyang ugnay sa mga sambayanang Pilipino at mga kababayang naninirahan sa ibang bansa .,mga,FIL
446,27,Malakas ang kanyang ugnay sa mga sambayanang Pilipino at mga kababayang naninirahan sa ibang bansa .,sambayanang,FIL
447,27,Malakas ang kanyang ugnay sa mga sambayanang Pilipino at mga kababayang naninirahan sa ibang bansa .,Pilipino,FIL
448,27,Malakas ang kanyang ugnay sa mga sambayanang Pilipino at mga kababayang naninirahan sa ibang bansa .,at,FIL
449,27,Malakas ang kanyang ugnay sa mga sambayanang Pilipino at mga kababayang naninirahan sa ibang bansa .,mga,FIL
450,27,Malakas ang kanyang ugnay sa mga sambayanang Pilipino at mga kababayang naninirahan sa ibang bansa .,kababayang,FIL
451,27,Malakas ang kanyang ugnay sa mga sambayanang Pilipino at mga kababayang naninirahan sa ibang bansa .,naninirahan,FIL
452,27,Malakas ang kanyang ugnay sa mga sambayanang Pilipino at mga kababayang naninirahan sa ibang bansa .,sa,FIL
453,27,Malakas ang kanyang ugnay sa mga sambayanang Pilipino at mga kababayang naninirahan sa ibang bansa .,ibang,FIL
454,27,Malakas ang kanyang ugnay sa mga sambayanang Pilipino at mga kababayang naninirahan sa ibang bansa .,bansa,FIL
455,27,Malakas ang kanyang ugnay sa mga sambayanang Pilipino at mga kababayang naninirahan sa ibang bansa .,.,OTH
456,28,Umay ang galing ni hesa bakit sa classic lods Natalu ako ni hesa sa classic .,Umay,FIL
457,28,Umay ang galing ni hesa bakit sa classic lods Natalu ako ni hesa sa classic .,ang,FIL
458,28,Umay ang galing ni hesa bakit sa classic lods Natalu ako ni hesa sa classic .,galing,FIL
459,28,Umay ang galing ni hesa bakit sa classic lods Natalu ako ni hesa sa classic .,ni,FIL
460,28,Umay ang galing ni hesa bakit sa classic lods Natalu ako ni hesa sa classic .,hesa,OTH
461,28,Umay ang galing ni hesa bakit sa classic lods Natalu ako ni hesa sa classic .,bakit,FIL
462,28,Umay ang galing ni hesa bakit sa classic lods Natalu ako ni hesa sa classic .,sa,FIL
463,28,Umay ang galing ni hesa bakit sa classic lods Natalu ako ni hesa sa classic .,classic,ENG
464,28,Umay ang galing ni hesa bakit sa classic lods Natalu ako ni hesa sa classic .,lods,FIL
465,28,Umay ang galing ni hesa bakit sa classic lods Natalu ako ni hesa sa classic .,Natalu,FIL
466,28,Umay ang galing ni hesa bakit sa classic lods Natalu ako ni hesa sa classic .,ako,FIL
467,28,Umay ang galing ni hesa bakit sa classic lods Natalu ako ni hesa sa classic .,ni,FIL
468,28,Umay ang galing ni hesa bakit sa classic lods Natalu ako ni hesa sa classic .,hesa,OTH
469,28,Umay ang galing ni hesa bakit sa classic lods Natalu ako ni hesa sa classic .,sa,FIL
470,28,Umay ang galing ni hesa bakit sa classic lods Natalu ako ni hesa sa classic .,classic,ENG
471,28,Umay ang galing ni hesa bakit sa classic lods Natalu ako ni hesa sa classic .,.,OTH
472,31,"lakas magbigay ng ano , di naman pala totoo",lakas,FIL
473,31,"lakas magbigay ng ano , di naman pala totoo",magbigay,FIL
474,31,"lakas magbigay ng ano , di naman pala totoo",ng,FIL
475,31,"lakas magbigay ng ano , di naman pala totoo",ano,FIL
476,31,"lakas magbigay ng ano , di naman pala totoo",",",OTH
477,31,"lakas magbigay ng ano , di naman pala totoo",di,FIL
478,31,"lakas magbigay ng ano , di naman pala totoo",naman,FIL
479,31,"lakas magbigay ng ano , di naman pala totoo",pala,FIL
480,31,"lakas magbigay ng ano , di naman pala totoo",totoo,FIL
481,33,Kapagod na mag pawis At May mask pa Kaya ang saya ko na malamig na .,Kapagod,FIL
482,33,Kapagod na mag pawis At May mask pa Kaya ang saya ko na malamig na .,na,FIL
483,33,Kapagod na mag pawis At May mask pa Kaya ang saya ko na malamig na .,mag,FIL
484,33,Kapagod na mag pawis At May mask pa Kaya ang saya ko na malamig na .,pawis,FIL
485,33,Kapagod na mag pawis At May mask pa Kaya ang saya ko na malamig na .,At,FIL
486,33,Kapagod na mag pawis At May mask pa Kaya ang saya ko na malamig na .,May,FIL
487,33,Kapagod na mag pawis At May mask pa Kaya ang saya ko na malamig na .,mask,ENG
488,33,Kapagod na mag pawis At May mask pa Kaya ang saya ko na malamig na .,pa,FIL
489,33,Kapagod na mag pawis At May mask pa Kaya ang saya ko na malamig na .,Kaya,FIL
490,33,Kapagod na mag pawis At May mask pa Kaya ang saya ko na malamig na .,ang,FIL
491,33,Kapagod na mag pawis At May mask pa Kaya ang saya ko na malamig na .,saya,FIL
492,33,Kapagod na mag pawis At May mask pa Kaya ang saya ko na malamig na .,ko,FIL
493,33,Kapagod na mag pawis At May mask pa Kaya ang saya ko na malamig na .,na,FIL
494,33,Kapagod na mag pawis At May mask pa Kaya ang saya ko na malamig na .,malamig,FIL
495,33,Kapagod na mag pawis At May mask pa Kaya ang saya ko na malamig na .,na,FIL
496,33,Kapagod na mag pawis At May mask pa Kaya ang saya ko na malamig na .,.,OTH
497,34,na magtala ng pinakamataas na arawang pagtala ng mga kaso .,na,FIL
498,34,na magtala ng pinakamataas na arawang pagtala ng mga kaso .,magtala,FIL
499,34,na magtala ng pinakamataas na arawang pagtala ng mga kaso .,ng,FIL
500,34,na magtala ng pinakamataas na arawang pagtala ng mga kaso .,pinakamataas,FIL
501,34,na magtala ng pinakamataas na arawang pagtala ng mga kaso .,na,FIL
502,34,na magtala ng pinakamataas na arawang pagtala ng mga kaso .,arawang,FIL
503,34,na magtala ng pinakamataas na arawang pagtala ng mga kaso .,pagtala,FIL
504,34,na magtala ng pinakamataas na arawang pagtala ng mga kaso .,ng,FIL
505,34,na magtala ng pinakamataas na arawang pagtala ng mga kaso .,mga,FIL
506,34,na magtala ng pinakamataas na arawang pagtala ng mga kaso .,kaso,FIL
507,34,na magtala ng pinakamataas na arawang pagtala ng mga kaso .,.,OTH
